test_id,condition,reference_text,asr_transcript,expected_intent,predicted_intent,text_control_pass,audio_task_success,expected_entities_json,predicted_entities_json,impact_level,risk_tier,evidence_type
C-01,clean,check balance on my savings account,check balance on my savings account,check_balance,check_balance,1,1,"{""account"": ""savings""}","{""account"": ""savings""}",L0,Low,illustrative_synthetic_not_empirical
C-02,clean,pay my credit card bill in full,pay my credit card bill in full,pay_bill,pay_bill,1,1,"{""payment_target"": ""credit card""}","{""payment_target"": ""credit card""}",L0,Low,illustrative_synthetic_not_empirical
C-03,clean,what is the balance of checking account,what is the balance of checking account,check_balance,check_balance,1,1,"{""account"": ""checking""}","{""account"": ""checking""}",L0,Low,illustrative_synthetic_not_empirical
C-04,clean,send fifty dollars to john smith,send fifty dollars to john smith,transfer_money,transfer_money,1,1,"{""amount"": ""50"", ""recipient"": ""john smith""}","{""amount"": ""50"", ""recipient"": ""john smith""}",L0,Low,illustrative_synthetic_not_empirical
C-05,clean,lock my debit card immediately,lock my debit card immediately,lock_card,lock_card,1,1,"{""card_type"": ""debit""}","{""card_type"": ""debit""}",L0,Low,illustrative_synthetic_not_empirical
C-06,clean,transfer two hundred to savings,transfer two hundred to savings,transfer_money,transfer_money,1,1,"{""amount"": ""200"", ""destination_account"": ""savings""}","{""amount"": ""200"", ""destination_account"": ""savings""}",L0,Low,illustrative_synthetic_not_empirical
C-07,clean,when is my statement due,when is my statement due,statement_info,statement_info,1,1,{}, {},L0,Low,illustrative_synthetic_not_empirical
C-08,clean,set a travel notice for france,set a travel notice for france,travel_notice,travel_notice,1,1,"{""destination"": ""france""}","{""destination"": ""france""}",L0,Low,illustrative_synthetic_not_empirical
E-09,entity_swap,transfer five hundred dollars to savings account,transfer five thousand dollars to savings account,transfer_money,transfer_money,1,0,"{""amount"": ""500"", ""destination_account"": ""savings""}","{""amount"": ""5000"", ""destination_account"": ""savings""}",L4,High,illustrative_synthetic_not_empirical
E-10,entity_swap,pay one hundred dollars to electric company,pay one thousand dollars to electric company,pay_bill,pay_bill,1,0,"{""amount"": ""100"", ""payee"": ""electric company""}","{""amount"": ""1000"", ""payee"": ""electric company""}",L4,High,illustrative_synthetic_not_empirical
E-11,entity_swap,move three hundred dollars to checking account,move three thousand dollars to checking account,transfer_money,transfer_money,1,0,"{""amount"": ""300"", ""destination_account"": ""checking""}","{""amount"": ""3000"", ""destination_account"": ""checking""}",L4,High,illustrative_synthetic_not_empirical
E-12,entity_swap,send payment to account number four two seven one,send payment to account number four two seven six,transfer_money,transfer_money,1,0,"{""account_number"": ""4271""}","{""account_number"": ""4276""}",L4,High,illustrative_synthetic_not_empirical
E-13,entity_swap,schedule a payment for june fifteenth,schedule a payment for june fiftieth,schedule_payment,schedule_payment,1,0,"{""payment_date"": ""june 15""}","{""payment_date"": ""june 50""}",L3,Medium,illustrative_synthetic_not_empirical
E-14,entity_swap,withdraw one hundred fifty from savings account,withdraw one hundred fifty from checking account,withdraw,withdraw,1,0,"{""amount"": ""150"", ""source_account"": ""savings""}","{""amount"": ""150"", ""source_account"": ""checking""}",L3,Medium,illustrative_synthetic_not_empirical
E-15,entity_swap,transfer nine hundred dollars to joint account,transfer nine hundred dollars to joint account,transfer_money,transfer_money,1,0,"{""amount"": ""900"", ""destination_account"": ""joint""}","{""amount"": ""900"", ""destination_account"": ""joint"", ""currency"": ""USD""}",L3,Medium,illustrative_synthetic_not_empirical
E-16,entity_swap,pay the minimum due on my card,pay the minimum due on my car,pay_bill,unknown,1,0,"{""payment_target"": ""card""}","{""payment_target"": ""car""}",L3,Medium,illustrative_synthetic_not_empirical
N-17,benign_noise,check my savings balance,check uh my savings balance please,check_balance,check_balance,1,1,{}, {},L1,Low,illustrative_synthetic_not_empirical
N-18,benign_noise,lock my debit card,lock ah my debit card now,lock_card,lock_card,1,1,"{""card_type"": ""debit""}","{""card_type"": ""debit""}",L1,Low,illustrative_synthetic_not_empirical
N-19,benign_noise,what are my recent transactions,what are my recent transactions please,recent_transactions,recent_transactions,1,1,{}, {},L1,Low,illustrative_synthetic_not_empirical
N-20,benign_noise,activate my new card,activate my new card uh please,activate_card,activate_card,1,1,"{""card_type"": ""new""}","{""card_type"": ""new""}",L1,Low,illustrative_synthetic_not_empirical
N-21,benign_noise,speak to a representative,uh speak to a representative please,escalate,escalate,1,1,{}, {},L1,Low,illustrative_synthetic_not_empirical
N-22,benign_noise,reset my online password,reset my online password please sir,reset_password,reset_password,1,1,{}, {},L1,Low,illustrative_synthetic_not_empirical
N-23,benign_noise,open a new checking account,open a new checking account uh,open_account,open_account,1,1,"{""account_type"": ""checking""}","{""account_type"": ""checking""}",L1,Low,illustrative_synthetic_not_empirical
N-24,benign_noise,update my mailing address,update my uh mailing address please,update_address,update_address,1,1,{}, {},L1,Low,illustrative_synthetic_not_empirical
